﻿<?xml version="1.0" encoding="utf-8"?>
<!--DO NOT EDIT. This document is generated by PSoC Creator design builds.-->
<PSoCCreatorIdeExport Version="1">
  <Device Part="CY8C5888LTI-LP097" Processor="CortexM3" DeviceID="2E161069" />
  <Toolchains>
    <Toolchain Name="ARM GCC Generic" Selected="True">
      <Tool Name="prebuild" Command="" Options="" />
      <Tool Name="assembler" Command="arm-none-eabi-as.exe" Options="-mcpu=cortex-m3 -mthumb -I. -IGenerated_Source\PSoC5 -alh=${OutputDir}/${CompileFile}.lst -g" />
      <Tool Name="compiler" Command="arm-none-eabi-gcc.exe" Options="-mcpu=cortex-m3 -mthumb -I. -IGenerated_Source\PSoC5 -Wa,-alh=${OutputDir}/${CompileFile}.lst -g -Wall -ffunction-sections -ffat-lto-objects -O0" />
      <Tool Name="linker" Command="arm-none-eabi-gcc.exe" Options="-mcpu=cortex-m3 -mthumb -L Generated_Source\PSoC5 -Wl,-Map,${OutputDir}/${ProjectShortName}.map -T Generated_Source\PSoC5\cm3gcc.ld -specs=nano.specs -Wl,--gc-sections -g -ffunction-sections -O0 -ffat-lto-objects" />
      <Tool Name="postbuild" Command="" Options="" />
    </Toolchain>
    <Toolchain Name="ARM MDK Generic" Selected="False">
      <Tool Name="prebuild" Command="" Options="" />
      <Tool Name="assembler" Command="armasm.exe" Options="--cpu=Cortex-M3 --diag_style=gnu --thumb -i. -iGenerated_Source\PSoC5 -g --list=${OutputDir}/${CompileFile}.lst &quot;--predefine=__MICROLIB SETA 1&quot;" />
      <Tool Name="compiler" Command="armcc.exe" Options="--cpu=Cortex-M3 --C99 --diag_style=gnu -I. -IGenerated_Source\PSoC5 --list --signed_chars -g -O0 --split_sections -D__MICROLIB" />
      <Tool Name="linker" Command="armlink.exe" Options="--cpu=Cortex-M3 --diag_style=gnu --no_startup --library_type=microlib --map --list ${OutputDir}/${ProjectShortName}.map --scatter Generated_Source\PSoC5\Cm3RealView.scat" />
      <Tool Name="postbuild" Command="" Options="" />
    </Toolchain>
    <Toolchain Name="ARM IAR Generic" Selected="False">
      <Tool Name="prebuild" Command="" Options="" />
      <Tool Name="assembler" Command="iasmarm.exe" Options="--cpu Cortex-M3 -I. -IGenerated_Source\PSoC5 -s+ -M&lt;&gt; -w+ -r -DDEBUG --fpu None" />
      <Tool Name="compiler" Command="iccarm.exe" Options="--cpu Cortex-M3 -I. -IGenerated_Source\PSoC5 -D DEBUG -D CY_CORE_ID=0 -I. -IGenerated_Source\PSoC5 -D DEBUG --no_cse --no_unroll --no_inline --no_code_motion --no_tbaa --no_clustering --no_scheduling --debug --endian=little -e --fpu=None -On --no_wrap_diagnostics" />
      <Tool Name="linker" Command="ilinkarm.exe" Options="--semihosting --entry __iar_program_start --config Generated_Source\PSoC5\Cm3Iar.icf" />
      <Tool Name="postbuild" Command="" Options="" />
    </Toolchain>
  </Toolchains>
  <Project Name="IIR_filterProject_DFB" Path="C:\Users\Jona\Documents\GitHub\Signaalverwerking\Labo6\Opgave3\IIR_filterProject_DFB\IIR_filterProject_DFB.cydsn" Version="5.60" Type="Normal">
    <CMSIS_SVD_File>IIR_filterProject_DFB.svd</CMSIS_SVD_File>
    <Datasheet />
    <LinkerFiles>
      <LinkerFile Toolchain="ARM GCC Generic">.\Generated_Source\PSoC5\cm3gcc.ld</LinkerFile>
      <LinkerFile Toolchain="ARM MDK Generic">.\Generated_Source\PSoC5\Cm3RealView.scat</LinkerFile>
      <LinkerFile Toolchain="ARM IAR Generic">.\Generated_Source\PSoC5\Cm3Iar.icf</LinkerFile>
    </LinkerFiles>
    <Folders>
      <Folder BuildType="STRICT" Path="C:\Users\Jona\Documents\GitHub\Signaalverwerking\Labo6\Opgave3\IIR_filterProject_DFB\IIR_filterProject_DFB.cydsn">
        <Files Root="C:\Users\Jona\Documents\GitHub\Signaalverwerking\Labo6\Opgave3\IIR_filterProject_DFB\IIR_filterProject_DFB.cydsn">
          <File BuildType="BUILD" Toolchain="">dma.h</File>
          <File BuildType="BUILD" Toolchain="">audioCodec.h</File>
          <File BuildType="BUILD" Toolchain="">dspSystem.h</File>
          <File BuildType="BUILD" Toolchain="">main.c</File>
          <File BuildType="BUILD" Toolchain="">dma.c</File>
          <File BuildType="BUILD" Toolchain="">audioCodec.c</File>
        </Files>
      </Folder>
      <Folder BuildType="STRICT" Path="C:\Users\Jona\Documents\GitHub\Signaalverwerking\Labo6\Opgave3\IIR_filterProject_DFB\IIR_filterProject_DFB.cydsn\Generated_Source\PSoC5">
        <Files Root="C:\Users\Jona\Documents\GitHub\Signaalverwerking\Labo6\Opgave3\IIR_filterProject_DFB\IIR_filterProject_DFB.cydsn">
          <File BuildType="BUILD" Toolchain="">Generated_Source\PSoC5\cyfitter_cfg.h</File>
          <File BuildType="BUILD" Toolchain="">Generated_Source\PSoC5\cyfitter_cfg.c</File>
          <File BuildType="BUILD" Toolchain="">Generated_Source\PSoC5\cymetadata.c</File>
          <File BuildType="BUILD" Toolchain="">Generated_Source\PSoC5\cydevice.h</File>
          <File BuildType="BUILD" Toolchain="">Generated_Source\PSoC5\cydevicegnu.inc</File>
          <File BuildType="BUILD" Toolchain="">Generated_Source\PSoC5\cydevicerv.inc</File>
          <File BuildType="BUILD" Toolchain="">Generated_Source\PSoC5\cydeviceiar.inc</File>
          <File BuildType="BUILD" Toolchain="">Generated_Source\PSoC5\cydevice_trm.h</File>
          <File BuildType="BUILD" Toolchain="">Generated_Source\PSoC5\cydevicegnu_trm.inc</File>
          <File BuildType="BUILD" Toolchain="">Generated_Source\PSoC5\cydevicerv_trm.inc</File>
          <File BuildType="BUILD" Toolchain="">Generated_Source\PSoC5\cydeviceiar_trm.inc</File>
          <File BuildType="BUILD" Toolchain="">Generated_Source\PSoC5\cyfittergnu.inc</File>
          <File BuildType="BUILD" Toolchain="">Generated_Source\PSoC5\cyfitterrv.inc</File>
          <File BuildType="BUILD" Toolchain="">Generated_Source\PSoC5\cyfitteriar.inc</File>
          <File BuildType="BUILD" Toolchain="">Generated_Source\PSoC5\cyfitter.h</File>
          <File BuildType="BUILD" Toolchain="">Generated_Source\PSoC5\cydisabledsheets.h</File>
          <File BuildType="BUILD" Toolchain="">Generated_Source\PSoC5\RxDMA_dma.c</File>
          <File BuildType="BUILD" Toolchain="">Generated_Source\PSoC5\RxDMA_dma.h</File>
          <File BuildType="BUILD" Toolchain="">Generated_Source\PSoC5\LCD.c</File>
          <File BuildType="BUILD" Toolchain="">Generated_Source\PSoC5\LCD.h</File>
          <File BuildType="BUILD" Toolchain="">Generated_Source\PSoC5\LCD_PM.c</File>
          <File BuildType="BUILD" Toolchain="">Generated_Source\PSoC5\TxDMA_dma.c</File>
          <File BuildType="BUILD" Toolchain="">Generated_Source\PSoC5\TxDMA_dma.h</File>
          <File BuildType="BUILD" Toolchain="">Generated_Source\PSoC5\SDI_aliases.h</File>
          <File BuildType="BUILD" Toolchain="">Generated_Source\PSoC5\SDI.c</File>
          <File BuildType="BUILD" Toolchain="">Generated_Source\PSoC5\SDI.h</File>
          <File BuildType="BUILD" Toolchain="">Generated_Source\PSoC5\CLIP.c</File>
          <File BuildType="BUILD" Toolchain="">Generated_Source\PSoC5\CLIP.h</File>
          <File BuildType="BUILD" Toolchain="">Generated_Source\PSoC5\CLIP_PM.c</File>
          <File BuildType="BUILD" Toolchain="">Generated_Source\PSoC5\Codec_en_aliases.h</File>
          <File BuildType="BUILD" Toolchain="">Generated_Source\PSoC5\Codec_en.c</File>
          <File BuildType="BUILD" Toolchain="">Generated_Source\PSoC5\Codec_en.h</File>
          <File BuildType="BUILD" Toolchain="">Generated_Source\PSoC5\LCD_LCDPort_aliases.h</File>
          <File BuildType="BUILD" Toolchain="">Generated_Source\PSoC5\LCD_LCDPort.c</File>
          <File BuildType="BUILD" Toolchain="">Generated_Source\PSoC5\LCD_LCDPort.h</File>
          <File BuildType="BUILD" Toolchain="">Generated_Source\PSoC5\cycodeshareimport.ld</File>
          <File BuildType="BUILD" Toolchain="">Generated_Source\PSoC5\cycodeshareimport.scat</File>
          <File BuildType="BUILD" Toolchain="ARM GCC Generic">Generated_Source\PSoC5\cm3gcc.ld</File>
          <File BuildType="BUILD" Toolchain="ARM MDK Generic">Generated_Source\PSoC5\Cm3RealView.scat</File>
          <File BuildType="BUILD" Toolchain="">Generated_Source\PSoC5\Cm3Start.c</File>
          <File BuildType="BUILD" Toolchain="">Generated_Source\PSoC5\core_cm3_psoc5.h</File>
          <File BuildType="BUILD" Toolchain="">Generated_Source\PSoC5\core_cm3.h</File>
          <File BuildType="BUILD" Toolchain="ARM GCC Generic">Generated_Source\PSoC5\CyBootAsmGnu.s</File>
          <File BuildType="BUILD" Toolchain="ARM MDK Generic">Generated_Source\PSoC5\CyBootAsmRv.s</File>
          <File BuildType="BUILD" Toolchain="">Generated_Source\PSoC5\CyDmac.c</File>
          <File BuildType="BUILD" Toolchain="">Generated_Source\PSoC5\CyDmac.h</File>
          <File BuildType="BUILD" Toolchain="">Generated_Source\PSoC5\CyFlash.c</File>
          <File BuildType="BUILD" Toolchain="">Generated_Source\PSoC5\CyFlash.h</File>
          <File BuildType="BUILD" Toolchain="">Generated_Source\PSoC5\CyLib.c</File>
          <File BuildType="BUILD" Toolchain="">Generated_Source\PSoC5\CyLib.h</File>
          <File BuildType="BUILD" Toolchain="">Generated_Source\PSoC5\cypins.h</File>
          <File BuildType="BUILD" Toolchain="">Generated_Source\PSoC5\cyPm.c</File>
          <File BuildType="BUILD" Toolchain="">Generated_Source\PSoC5\cyPm.h</File>
          <File BuildType="BUILD" Toolchain="">Generated_Source\PSoC5\CySpc.c</File>
          <File BuildType="BUILD" Toolchain="">Generated_Source\PSoC5\CySpc.h</File>
          <File BuildType="BUILD" Toolchain="">Generated_Source\PSoC5\cytypes.h</File>
          <File BuildType="BUILD" Toolchain="">Generated_Source\PSoC5\cyutils.c</File>
          <File BuildType="BUILD" Toolchain="">Generated_Source\PSoC5\core_cmFunc.h</File>
          <File BuildType="BUILD" Toolchain="">Generated_Source\PSoC5\core_cmInstr.h</File>
          <File BuildType="BUILD" Toolchain="ARM IAR Generic">Generated_Source\PSoC5\Cm3Iar.icf</File>
          <File BuildType="BUILD" Toolchain="ARM IAR Generic">Generated_Source\PSoC5\CyBootAsmIar.s</File>
          <File BuildType="BUILD" Toolchain="">Generated_Source\PSoC5\cmsis_armcc.h</File>
          <File BuildType="BUILD" Toolchain="">Generated_Source\PSoC5\cmsis_gcc.h</File>
          <File BuildType="BUILD" Toolchain="">Generated_Source\PSoC5\cmsis_compiler.h</File>
          <File BuildType="BUILD" Toolchain="">Generated_Source\PSoC5\project.h</File>
          <File BuildType="BUILD" Toolchain="">Generated_Source\PSoC5\LEDs.h</File>
          <File BuildType="BUILD" Toolchain="">Generated_Source\PSoC5\LEDs.c</File>
          <File BuildType="BUILD" Toolchain="">Generated_Source\PSoC5\LEDs_PM.c</File>
          <File BuildType="BUILD" Toolchain="">Generated_Source\PSoC5\SampleKlaar.c</File>
          <File BuildType="BUILD" Toolchain="">Generated_Source\PSoC5\SampleKlaar.h</File>
          <File BuildType="BUILD" Toolchain="">Generated_Source\PSoC5\SDO_aliases.h</File>
          <File BuildType="BUILD" Toolchain="">Generated_Source\PSoC5\SDO.c</File>
          <File BuildType="BUILD" Toolchain="">Generated_Source\PSoC5\SDO.h</File>
          <File BuildType="BUILD" Toolchain="">Generated_Source\PSoC5\AudioCodecClk_aliases.h</File>
          <File BuildType="BUILD" Toolchain="">Generated_Source\PSoC5\AudioCodecClk.c</File>
          <File BuildType="BUILD" Toolchain="">Generated_Source\PSoC5\AudioCodecClk.h</File>
          <File BuildType="BUILD" Toolchain="">Generated_Source\PSoC5\SDA_aliases.h</File>
          <File BuildType="BUILD" Toolchain="">Generated_Source\PSoC5\SDA.c</File>
          <File BuildType="BUILD" Toolchain="">Generated_Source\PSoC5\SDA.h</File>
          <File BuildType="BUILD" Toolchain="">Generated_Source\PSoC5\SCL_aliases.h</File>
          <File BuildType="BUILD" Toolchain="">Generated_Source\PSoC5\SCL.c</File>
          <File BuildType="BUILD" Toolchain="">Generated_Source\PSoC5\SCL.h</File>
          <File BuildType="BUILD" Toolchain="">Generated_Source\PSoC5\I2C_Codec_control.c</File>
          <File BuildType="BUILD" Toolchain="">Generated_Source\PSoC5\I2C_Codec_control.h</File>
          <File BuildType="BUILD" Toolchain="">Generated_Source\PSoC5\I2C_Codec_control_BOOT.c</File>
          <File BuildType="BUILD" Toolchain="">Generated_Source\PSoC5\I2C_Codec_control_INT.c</File>
          <File BuildType="BUILD" Toolchain="">Generated_Source\PSoC5\I2C_Codec_control_PM.c</File>
          <File BuildType="BUILD" Toolchain="">Generated_Source\PSoC5\I2C_Codec_control_SLAVE.c</File>
          <File BuildType="BUILD" Toolchain="">Generated_Source\PSoC5\I2C_Codec_control_MASTER.c</File>
          <File BuildType="BUILD" Toolchain="">Generated_Source\PSoC5\I2C_Codec_control_PVT.h</File>
          <File BuildType="BUILD" Toolchain="">Generated_Source\PSoC5\POT_1_aliases.h</File>
          <File BuildType="BUILD" Toolchain="">Generated_Source\PSoC5\POT_1.c</File>
          <File BuildType="BUILD" Toolchain="">Generated_Source\PSoC5\POT_1.h</File>
          <File BuildType="BUILD" Toolchain="">Generated_Source\PSoC5\POT_2_aliases.h</File>
          <File BuildType="BUILD" Toolchain="">Generated_Source\PSoC5\POT_2.c</File>
          <File BuildType="BUILD" Toolchain="">Generated_Source\PSoC5\POT_2.h</File>
          <File BuildType="BUILD" Toolchain="">Generated_Source\PSoC5\I2S_Codec_audio.c</File>
          <File BuildType="BUILD" Toolchain="">Generated_Source\PSoC5\I2S_Codec_audio.h</File>
          <File BuildType="BUILD" Toolchain="">Generated_Source\PSoC5\I2S_Codec_audio_PM.c</File>
          <File BuildType="BUILD" Toolchain="">Generated_Source\PSoC5\I2S_Codec_audio_PVT.h</File>
          <File BuildType="BUILD" Toolchain="">Generated_Source\PSoC5\I2C_Codec_control_IntClock.c</File>
          <File BuildType="BUILD" Toolchain="">Generated_Source\PSoC5\I2C_Codec_control_IntClock.h</File>
          <File BuildType="BUILD" Toolchain="">Generated_Source\PSoC5\I2S_EN.h</File>
          <File BuildType="BUILD" Toolchain="">Generated_Source\PSoC5\I2S_EN.c</File>
          <File BuildType="BUILD" Toolchain="">Generated_Source\PSoC5\I2S_EN_PM.c</File>
          <File BuildType="BUILD" Toolchain="">Generated_Source\PSoC5\VOL.c</File>
          <File BuildType="BUILD" Toolchain="">Generated_Source\PSoC5\VOL.h</File>
          <File BuildType="BUILD" Toolchain="">Generated_Source\PSoC5\VOL_INT.c</File>
          <File BuildType="BUILD" Toolchain="">Generated_Source\PSoC5\VOL_PM.c</File>
          <File BuildType="BUILD" Toolchain="">Generated_Source\PSoC5\LINE.c</File>
          <File BuildType="BUILD" Toolchain="">Generated_Source\PSoC5\LINE.h</File>
          <File BuildType="BUILD" Toolchain="">Generated_Source\PSoC5\LINE_INT.c</File>
          <File BuildType="BUILD" Toolchain="">Generated_Source\PSoC5\LINE_PM.c</File>
          <File BuildType="BUILD" Toolchain="">Generated_Source\PSoC5\VOL_IRQ.c</File>
          <File BuildType="BUILD" Toolchain="">Generated_Source\PSoC5\VOL_IRQ.h</File>
          <File BuildType="BUILD" Toolchain="">Generated_Source\PSoC5\VOL_theACLK.c</File>
          <File BuildType="BUILD" Toolchain="">Generated_Source\PSoC5\VOL_theACLK.h</File>
          <File BuildType="BUILD" Toolchain="">Generated_Source\PSoC5\LINE_IRQ.c</File>
          <File BuildType="BUILD" Toolchain="">Generated_Source\PSoC5\LINE_IRQ.h</File>
          <File BuildType="BUILD" Toolchain="">Generated_Source\PSoC5\LINE_theACLK.c</File>
          <File BuildType="BUILD" Toolchain="">Generated_Source\PSoC5\LINE_theACLK.h</File>
          <File BuildType="BUILD" Toolchain="">Generated_Source\PSoC5\CLIP_LED_aliases.h</File>
          <File BuildType="BUILD" Toolchain="">Generated_Source\PSoC5\CLIP_LED.c</File>
          <File BuildType="BUILD" Toolchain="">Generated_Source\PSoC5\CLIP_LED.h</File>
          <File BuildType="BUILD" Toolchain="">Generated_Source\PSoC5\S0_aliases.h</File>
          <File BuildType="BUILD" Toolchain="">Generated_Source\PSoC5\S0.c</File>
          <File BuildType="BUILD" Toolchain="">Generated_Source\PSoC5\S0.h</File>
          <File BuildType="BUILD" Toolchain="">Generated_Source\PSoC5\S1_aliases.h</File>
          <File BuildType="BUILD" Toolchain="">Generated_Source\PSoC5\S1.c</File>
          <File BuildType="BUILD" Toolchain="">Generated_Source\PSoC5\S1.h</File>
          <File BuildType="BUILD" Toolchain="">Generated_Source\PSoC5\S2_aliases.h</File>
          <File BuildType="BUILD" Toolchain="">Generated_Source\PSoC5\S2.c</File>
          <File BuildType="BUILD" Toolchain="">Generated_Source\PSoC5\S2.h</File>
          <File BuildType="BUILD" Toolchain="">Generated_Source\PSoC5\S3_aliases.h</File>
          <File BuildType="BUILD" Toolchain="">Generated_Source\PSoC5\S3.c</File>
          <File BuildType="BUILD" Toolchain="">Generated_Source\PSoC5\S3.h</File>
          <File BuildType="BUILD" Toolchain="">Generated_Source\PSoC5\KNOP.c</File>
          <File BuildType="BUILD" Toolchain="">Generated_Source\PSoC5\KNOP.h</File>
          <File BuildType="BUILD" Toolchain="">Generated_Source\PSoC5\KNOP_TOGGLE.c</File>
          <File BuildType="BUILD" Toolchain="">Generated_Source\PSoC5\KNOP_TOGGLE.h</File>
          <File BuildType="BUILD" Toolchain="">Generated_Source\PSoC5\Debounce.c</File>
          <File BuildType="BUILD" Toolchain="">Generated_Source\PSoC5\Debounce.h</File>
          <File BuildType="BUILD" Toolchain="">Generated_Source\PSoC5\L2_aliases.h</File>
          <File BuildType="BUILD" Toolchain="">Generated_Source\PSoC5\L2.c</File>
          <File BuildType="BUILD" Toolchain="">Generated_Source\PSoC5\L2.h</File>
          <File BuildType="BUILD" Toolchain="">Generated_Source\PSoC5\L1_aliases.h</File>
          <File BuildType="BUILD" Toolchain="">Generated_Source\PSoC5\L1.c</File>
          <File BuildType="BUILD" Toolchain="">Generated_Source\PSoC5\L1.h</File>
          <File BuildType="BUILD" Toolchain="">Generated_Source\PSoC5\L0_aliases.h</File>
          <File BuildType="BUILD" Toolchain="">Generated_Source\PSoC5\L0.c</File>
          <File BuildType="BUILD" Toolchain="">Generated_Source\PSoC5\L0.h</File>
          <File BuildType="BUILD" Toolchain="">Generated_Source\PSoC5\L3_aliases.h</File>
          <File BuildType="BUILD" Toolchain="">Generated_Source\PSoC5\L3.c</File>
          <File BuildType="BUILD" Toolchain="">Generated_Source\PSoC5\L3.h</File>
          <File BuildType="BUILD" Toolchain="">Generated_Source\PSoC5\SampleVraag.c</File>
          <File BuildType="BUILD" Toolchain="">Generated_Source\PSoC5\SampleVraag.h</File>
          <File BuildType="BUILD" Toolchain="">Generated_Source\PSoC5\AnalogeIngang_R.c</File>
          <File BuildType="BUILD" Toolchain="">Generated_Source\PSoC5\AnalogeIngang_R.h</File>
          <File BuildType="BUILD" Toolchain="">Generated_Source\PSoC5\AnalogeIngang_R_PM.c</File>
          <File BuildType="BUILD" Toolchain="">Generated_Source\PSoC5\AnR_uit_aliases.h</File>
          <File BuildType="BUILD" Toolchain="">Generated_Source\PSoC5\AnR_uit.c</File>
          <File BuildType="BUILD" Toolchain="">Generated_Source\PSoC5\AnR_uit.h</File>
          <File BuildType="BUILD" Toolchain="">Generated_Source\PSoC5\AnR_in_aliases.h</File>
          <File BuildType="BUILD" Toolchain="">Generated_Source\PSoC5\AnR_in.c</File>
          <File BuildType="BUILD" Toolchain="">Generated_Source\PSoC5\AnR_in.h</File>
          <File BuildType="BUILD" Toolchain="">Generated_Source\PSoC5\AnalogeIngang_L.c</File>
          <File BuildType="BUILD" Toolchain="">Generated_Source\PSoC5\AnalogeIngang_L.h</File>
          <File BuildType="BUILD" Toolchain="">Generated_Source\PSoC5\AnalogeIngang_L_PM.c</File>
          <File BuildType="BUILD" Toolchain="">Generated_Source\PSoC5\AnL_uit_aliases.h</File>
          <File BuildType="BUILD" Toolchain="">Generated_Source\PSoC5\AnL_uit.c</File>
          <File BuildType="BUILD" Toolchain="">Generated_Source\PSoC5\AnL_uit.h</File>
          <File BuildType="BUILD" Toolchain="">Generated_Source\PSoC5\AnL_in_aliases.h</File>
          <File BuildType="BUILD" Toolchain="">Generated_Source\PSoC5\AnL_in.c</File>
          <File BuildType="BUILD" Toolchain="">Generated_Source\PSoC5\AnL_in.h</File>
          <File BuildType="BUILD" Toolchain="">Generated_Source\PSoC5\Filter.c</File>
          <File BuildType="BUILD" Toolchain="">Generated_Source\PSoC5\Filter.h</File>
          <File BuildType="BUILD" Toolchain="">Generated_Source\PSoC5\Filter_PM.c</File>
          <File BuildType="BUILD" Toolchain="">Generated_Source\PSoC5\Filter_PVT.c</File>
          <File BuildType="BUILD" Toolchain="">Generated_Source\PSoC5\Filter_PVT.h</File>
          <File BuildType="BUILD" Toolchain="">Generated_Source\PSoC5\Filter_RAM_Data.c</File>
          <File BuildType="BUILD" Toolchain="">Generated_Source\PSoC5\Filter_Coefficients.c</File>
          <File BuildType="BUILD" Toolchain="">Generated_Source\PSoC5\cycodeshareexport.ld</File>
        </Files>
      </Folder>
      <Folder BuildType="STRICT" Path="C:\Users\Jona\Documents\GitHub\Signaalverwerking\Labo6\Opgave3\IIR_filterProject_DFB\IIR_filterProject_DFB.cydsn\Export\ARM_GCC_Generic">
        <Files Root="C:\Users\Jona\Documents\GitHub\Signaalverwerking\Labo6\Opgave3\IIR_filterProject_DFB\IIR_filterProject_DFB.cydsn">
          <File BuildType="BUILD" Toolchain="ARM GCC Generic">.\Export\ARM_GCC_Generic\CyComponentLibrary.a</File>
        </Files>
      </Folder>
      <Folder BuildType="STRICT" Path="C:\Users\Jona\Documents\GitHub\Signaalverwerking\Labo6\Opgave3\IIR_filterProject_DFB\IIR_filterProject_DFB.cydsn\Export\ARM_MDK_Generic">
        <Files Root="C:\Users\Jona\Documents\GitHub\Signaalverwerking\Labo6\Opgave3\IIR_filterProject_DFB\IIR_filterProject_DFB.cydsn">
          <File BuildType="BUILD" Toolchain="ARM MDK Generic">.\Export\ARM_MDK_Generic\CyComponentLibrary.a</File>
        </Files>
      </Folder>
      <Folder BuildType="STRICT" Path="C:\Users\Jona\Documents\GitHub\Signaalverwerking\Labo6\Opgave3\IIR_filterProject_DFB\IIR_filterProject_DFB.cydsn\Export\ARM_IAR_Generic">
        <Files Root="C:\Users\Jona\Documents\GitHub\Signaalverwerking\Labo6\Opgave3\IIR_filterProject_DFB\IIR_filterProject_DFB.cydsn">
          <File BuildType="BUILD" Toolchain="ARM IAR Generic">.\Export\ARM_IAR_Generic\CyComponentLibrary.a</File>
        </Files>
      </Folder>
      <Folder BuildType="EXCLUDE" Path=".\codegentemp">
        <Files Root="C:\Users\Jona\Documents\GitHub\Signaalverwerking\Labo6\Opgave3\IIR_filterProject_DFB\IIR_filterProject_DFB.cydsn" />
      </Folder>
      <Folder BuildType="EXCLUDE" Path=".\ARM_GCC_441">
        <Files Root="C:\Users\Jona\Documents\GitHub\Signaalverwerking\Labo6\Opgave3\IIR_filterProject_DFB\IIR_filterProject_DFB.cydsn" />
      </Folder>
      <Folder BuildType="EXCLUDE" Path=".\ARM_GCC_473">
        <Files Root="C:\Users\Jona\Documents\GitHub\Signaalverwerking\Labo6\Opgave3\IIR_filterProject_DFB\IIR_filterProject_DFB.cydsn" />
      </Folder>
      <Folder BuildType="EXCLUDE" Path=".\DP8051_Keil_952">
        <Files Root="C:\Users\Jona\Documents\GitHub\Signaalverwerking\Labo6\Opgave3\IIR_filterProject_DFB\IIR_filterProject_DFB.cydsn" />
      </Folder>
      <Folder BuildType="EXCLUDE" Path=".\DP8051">
        <Files Root="C:\Users\Jona\Documents\GitHub\Signaalverwerking\Labo6\Opgave3\IIR_filterProject_DFB\IIR_filterProject_DFB.cydsn" />
      </Folder>
      <Folder BuildType="EXCLUDE" Path=".\CortexM0">
        <Files Root="C:\Users\Jona\Documents\GitHub\Signaalverwerking\Labo6\Opgave3\IIR_filterProject_DFB\IIR_filterProject_DFB.cydsn" />
      </Folder>
      <Folder BuildType="EXCLUDE" Path=".\CortexM0p">
        <Files Root="C:\Users\Jona\Documents\GitHub\Signaalverwerking\Labo6\Opgave3\IIR_filterProject_DFB\IIR_filterProject_DFB.cydsn" />
      </Folder>
      <Folder BuildType="EXCLUDE" Path=".\CortexM3">
        <Files Root="C:\Users\Jona\Documents\GitHub\Signaalverwerking\Labo6\Opgave3\IIR_filterProject_DFB\IIR_filterProject_DFB.cydsn" />
      </Folder>
      <Folder BuildType="EXCLUDE" Path=".\CortexM4">
        <Files Root="C:\Users\Jona\Documents\GitHub\Signaalverwerking\Labo6\Opgave3\IIR_filterProject_DFB\IIR_filterProject_DFB.cydsn" />
      </Folder>
      <Folder BuildType="EXCLUDE" Path=".\CortexM7">
        <Files Root="C:\Users\Jona\Documents\GitHub\Signaalverwerking\Labo6\Opgave3\IIR_filterProject_DFB\IIR_filterProject_DFB.cydsn" />
      </Folder>
    </Folders>
  </Project>
</PSoCCreatorIdeExport>